{
  "n_utterances": 50,
  "l1_mean": 0.04064991354942322,
  "l1_std": 0.010440483055951357,
  "mel_distance_mean": 1.3349217033386231,
  "mel_distance_std": 0.09484728166099367
}