{
  "n_utterances": 50,
  "l1_mean": 0.036218932755291464,
  "l1_std": 0.01011876833873805,
  "mel_distance_mean": 2.4707065773010255,
  "mel_distance_std": 0.2587442479936904
}