{
  "n_utterances": 50,
  "l1_mean": 0.04300412718206644,
  "l1_std": 0.011944690774804818,
  "mel_distance_mean": 0.829592365026474,
  "mel_distance_std": 0.06926731034042853
}