{
  "n_deltas_valid": 817279,
  "near_zero_eps": 0.000489816427230835,
  "delta_mag_mean": 4.87781286239624,
  "delta_mag_median": 4.89816427230835
}