{
  "n_utterances": 50,
  "l1_mean": 0.0362109062448144,
  "l1_std": 0.01023001990867835,
  "mel_distance_mean": 3.0766983795166016,
  "mel_distance_std": 0.5383169856957745
}