{
  "n_total": 657086,
  "mean": 6.704473972320557,
  "median": 6.684202194213867,
  "std": 2.1879334449768066,
  "skew": 0.34649690985679626,
  "log_mean": 1.8400849103927612,
  "log_std": 0.38004183769226074,
  "percentiles": {
    "p5": 3.076331853866577,
    "p25": 5.301926612854004,
    "p50": 6.684202194213867,
    "p75": 8.068958282470703,
    "p95": 10.229328155517578
  }
}