{
  "n_utterances": 50,
  "l1_mean": 0.04285393800586462,
  "l1_std": 0.009792273510434244,
  "mel_distance_mean": 3.2649389553070067,
  "mel_distance_std": 0.5494216643214483
}