{
  "n_utterances": 50,
  "l1_mean": 0.05465881273150444,
  "l1_std": 0.009060798220650397,
  "mel_distance_mean": 3.7134728479385375,
  "mel_distance_std": 0.5169681500786304
}