{
  "n_total": 3577818,
  "mean": 71.19246673583984,
  "median": 74.24729919433594,
  "std": 21.712556838989258,
  "skew": -0.6271087527275085,
  "log_mean": 4.194325923919678,
  "log_std": 0.4367608428001404,
  "percentiles": {
    "p5": 26.911712646484375,
    "p25": 60.76365661621094,
    "p50": 74.24729919433594,
    "p75": 85.3763427734375,
    "p95": 101.60485076904297
  }
}