{
  "n_utterances": 50,
  "l1_mean": 0.03680634349584579,
  "l1_std": 0.010193009261926426,
  "mel_distance_mean": 3.169332056045532,
  "mel_distance_std": 0.5115939285932052
}