{
  "n_utterances": 50,
  "l1_mean": 0.036550491489470004,
  "l1_std": 0.01022051180959324,
  "mel_distance_mean": 3.1081827449798585,
  "mel_distance_std": 0.5248850445274007
}