{
  "n_utterances": 50,
  "l1_mean": 0.036322297714650634,
  "l1_std": 0.010110134310857263,
  "mel_distance_mean": 2.4794901752471925,
  "mel_distance_std": 0.23463265670276756
}