{
  "experiment": "calm_speech_continuation",
  "run_id": "20260211_200543",
  "steps": 10000,
  "final_checkpoint": "outputs/calm/speech_continuation/20260211_200543/checkpoints/calm_final.pt",
  "param_counts": {
    "backbone": 3233280,
    "short_ctx": 1653760,
    "head": 1281568,
    "w_psi": 193,
    "total_trainable": 6168801
  },
  "rollout_metrics": {
    "k=1": {
      "mse_mean": 0.04527817246998893,
      "mse_std": 0.02860994085220183,
      "cos_mean": 0.9621110886335373,
      "cos_std": 0.039665569504586176,
      "n_samples": 320
    },
    "k=2": {
      "mse_mean": 0.10629338074650149,
      "mse_std": 0.06781056237138652,
      "cos_mean": 0.8778083396842703,
      "cos_std": 0.12561502418735235,
      "n_samples": 320
    },
    "k=4": {
      "mse_mean": 0.22161007688264361,
      "mse_std": 0.10811443993340357,
      "cos_mean": 0.716394802078139,
      "cos_std": 0.20898424521733866,
      "n_samples": 320
    },
    "k=8": {
      "mse_mean": 0.3142038286430761,
      "mse_std": 0.10543692010106127,
      "cos_mean": 0.6963327604695223,
      "cos_std": 0.1934397893443315,
      "n_samples": 320
    },
    "k=16": {
      "mse_mean": 0.3733617778168991,
      "mse_std": 0.09991133598036249,
      "cos_mean": 0.6773721019621007,
      "cos_std": 0.18958580360450258,
      "n_samples": 320
    }
  },
  "n_audio_samples": 10
}