{
  "n_total": 657086,
  "mean": 0.8805567026138306,
  "median": 0.7291213274002075,
  "std": 0.6415290832519531,
  "skew": 1.1895167827606201,
  "log_mean": -0.43499675393104553,
  "log_std": 0.8712083697319031,
  "percentiles": {
    "p5": 0.13070333003997803,
    "p25": 0.39115872979164124,
    "p50": 0.7291213274002075,
    "p75": 1.2208902835845947,
    "p95": 2.1483941078186035
  }
}