{
  "n_utterances": 50,
  "l1_mean": 0.0362261762842536,
  "l1_std": 0.01011922077686887,
  "mel_distance_mean": 2.4620414900779726,
  "mel_distance_std": 0.2570431505570789
}