horizon_k,slice,model_type,train_n,train_nll,train_nll_per_dim,train_nll_baseline,train_nll_baseline_per_dim,train_dnll,train_dnll_per_dim,eval_n,eval_nll,eval_nll_per_dim,eval_nll_baseline,eval_nll_baseline_per_dim,eval_dnll,eval_dnll_per_dim,eval_direction_cos,eval_logmag_r2,final_checkpoint,rollout_gap_nll,rollout_gap_dnll
1,all,mdn,200000,-57.591840245361325,-1.7997450076675414,-12.794452124023438,-0.39982662887573245,-44.79738812133789,-1.399918378791809,146851,-57.47782109661749,-1.7961819092692966,-12.752143572873234,-0.39850448665228855,-44.72567752374425,-1.397677422617008,0.5597921473898887,-0.05339672662104933,outputs/tier2/exp5_betavae/20260206_174326/betavae_pred/phase1/checkpoints/mdn_k1_final.pt,66.19665557403236,66.19665557403236
2,all,mdn,200000,-48.834378110351565,-1.5260743159484864,-12.794452124023438,-0.39982662887573245,-36.03992598632813,-1.126247687072754,146851,-49.652148748056064,-1.551629648376752,-12.752143572873234,-0.39850448665228855,-36.90000517518283,-1.1531251617244633,0.3274392630255776,-1.006650294504297,outputs/tier2/exp5_betavae/20260206_174326/betavae_pred/phase1/checkpoints/mdn_k2_final.pt,,
4,all,mdn,200000,-43.47840645751953,-1.3587002017974854,-12.794452124023438,-0.39982662887573245,-30.683954333496096,-0.958873572921753,146851,-43.936856035065944,-1.3730267510958107,-12.752143572873234,-0.39850448665228855,-31.18471246219271,-0.9745222644435222,0.09677438536396288,-7.482473262219367,outputs/tier2/exp5_betavae/20260206_174326/betavae_pred/phase1/checkpoints/mdn_k4_final.pt,inf,inf
8,all,mdn,200000,-43.387502069091795,-1.3558594396591186,-12.794452124023438,-0.39982662887573245,-30.59304994506836,-0.9560328107833862,146851,-43.75263582631694,-1.3672698695724044,-12.752143572873234,-0.39850448665228855,-31.000492253443706,-0.9687653829201158,0.03905230724856445,-12.811655468490182,outputs/tier2/exp5_betavae/20260206_174326/betavae_pred/phase1/checkpoints/mdn_k8_final.pt,1.3852188787109743e+35,1.3852188787109743e+35
