{
  "n_utterances": 50,
  "l1_mean": 0.03621776845306158,
  "l1_std": 0.010118920102781554,
  "mel_distance_mean": 2.4684942150115967,
  "mel_distance_std": 0.2584607108179312
}