horizon_k,slice,model_type,train_n,train_nll,train_nll_per_dim,train_nll_baseline,train_nll_baseline_per_dim,train_dnll,train_dnll_per_dim,eval_n,eval_nll,eval_nll_per_dim,eval_nll_baseline,eval_nll_baseline_per_dim,eval_dnll,eval_dnll_per_dim,eval_direction_cos,eval_logmag_r2,final_checkpoint,rollout_gap_nll,rollout_gap_dnll
1,all,mdn,200000,-58.02668405029297,-1.8133338765716553,-13.20637836555481,-0.4126993239235878,-44.82030568473816,-1.4006345526480675,146851,-57.877341399881935,-1.8086669187463105,-13.149051810715925,-0.41090786908487265,-44.72828958916601,-1.3977590496614378,0.5437291423904813,0.005820899810855984,outputs/tier2/exp5_betavae/20260206_174326/betavae_smooth_pred/phase1/checkpoints/mdn_k1_final.pt,58.721659960195105,58.7216599601951
2,all,mdn,200000,-48.58078942993164,-1.5181496696853638,-13.20637836555481,-0.4126993239235878,-35.37441106437683,-1.105450345761776,146851,-49.242995338121204,-1.5388436043162876,-13.149051810715925,-0.41090786908487265,-36.09394352740528,-1.127935735231415,0.3177571423360542,-0.900120880246275,outputs/tier2/exp5_betavae/20260206_174326/betavae_smooth_pred/phase1/checkpoints/mdn_k2_final.pt,inf,inf
4,all,mdn,200000,-44.55429810302734,-1.3923218157196044,-13.20637836555481,-0.4126993239235878,-31.34791973747253,-0.9796224917960166,146851,-45.10705967485751,-1.4095956148392972,-13.149051810715925,-0.41090786908487265,-31.958007864141585,-0.9986877457544245,0.08885728745388068,-8.249614992744704,outputs/tier2/exp5_betavae/20260206_174326/betavae_smooth_pred/phase1/checkpoints/mdn_k4_final.pt,inf,inf
8,all,mdn,200000,-43.72769818359375,-1.3664905682373047,-13.20637836555481,-0.4126993239235878,-30.52131981803894,-0.9537912443137169,146851,-44.1197135610404,-1.3787410487825125,-13.149051810715925,-0.41090786908487265,-30.970661750324474,-0.9678331796976398,0.016670403289779985,-11.946036156466727,outputs/tier2/exp5_betavae/20260206_174326/betavae_smooth_pred/phase1/checkpoints/mdn_k8_final.pt,5.080478252478387e+16,5.080478252478387e+16
