{
  "n_deltas_valid": 817279,
  "near_zero_eps": 0.0006699100494384765,
  "delta_mag_mean": 6.742396831512451,
  "delta_mag_median": 6.699100494384766
}