{
  "step": 44000,
  "recon": 0.11243060037493706,
  "kl": 0.002986330986022949,
  "dyn": 117.83691787719727,
  "total": 1.2937860774993897,
  "n_batches": 50
}